Timestamp,Did the run make it to the Elite 4 or equivalent?,"Runner Name (something static, like Discord or Twitch)",Game Name,Was the run streamed?,Pokemon Species,Level when entering Elite 4 or equivalent,Pokemon Ability Name,Level (for below stats),HP,Attack,Defense,Special Attack,Special Defense,Speed,Nature (not required),Did the run win (i.e. beat the champion or final boss)?,Screenshot,Move 1 Name,Move 2 Name,Move 3 Name,Move 4 Name,How many badges did the runner earn?,Did the run reach the first gym?
5/29/2022 6:47:32,Yes,Flipfox,FireRed/LeafGreen,Yes,Ampharos,89,Drizzle,89,252,111,210,277,168,216,Bashful,No,,Thunder,Water Pulse,Ice Punch,Crunch,8,Yes
5/29/2022 6:49:12,Yes,SaltyDolphin,FireRed/LeafGreen,Yes,Starmie,90,Intimidate,90,316,266,139,156,179,206,Impish,No,,Magnitude,Ice Beam,Fire Blast,Ice Punch,8,Yes
5/29/2022 6:52:03,Yes,JoeJoeBeans,FireRed/LeafGreen,Yes,Jolteon,87,Minus,87,206,306,225,134,129,260,Adamant,No,,Tri Attack,Aeroblast,Steel Wing,Ice Beam,8,Yes
5/29/2022 6:57:03,Yes,Bayleef,FireRed/LeafGreen,Yes,Milotic,90,Battle Armor,90,221,45,155,394,193,273,,Yes,,Flamethrower,Ice Beam,Water Spout,Thunderbolt,8,Yes
5/29/2022 6:59:19,Yes,msten19,FireRed/LeafGreen,No,Tentacruel,89,Volt Absorb,89,183,101,231,294,202,234,Modest,Yes,,Ice Beam,Blaze Kick,Shock Wave,Needle Arm,8,Yes
5/29/2022 7:02:34,Yes,msten19,FireRed/LeafGreen,No,Gyarados,91,Shield Dust,91,214,326,280,81,162,250,Bashful,Yes,,Drill Peck,Dizzy Punch,Mud Shot,Meditate,8,Yes
5/29/2022 7:03:48,Yes,EconSean,FireRed/LeafGreen,Yes,Aerodactyl,93,Immunity,93,296,123,169,257,163,270,Bashful,Yes,,Eruption,Thunderbolt,Bubble Beam,Feint Attack,8,Yes
5/29/2022 7:06:01,Yes,IceTwigg,FireRed/LeafGreen,Yes,Muk,93,Water Absorb,93,230,362,107,71,225,252,,Yes,,Drill Peck,Rock Slide,Sludge Bomb,Earthquake,8,Yes
5/29/2022 7:08:04,Yes,Mikujin,FireRed/LeafGreen,No,Wailord,91,Battle Armor,91,216,56,236,344,237,130,Rash,Yes,,Bubble Beam,Ice Punch,Extrasensory,Flame Wheel,8,Yes
5/29/2022 7:10:11,Yes,Hershey,FireRed/LeafGreen,No,Blaziken,92,Clear Body,92,289,87,228,318,168,221,,Yes,,Dragon Breath,Dragon Claw,Magical Leaf,Feint Attack,8,Yes
5/29/2022 7:17:22,Yes,Slackaholicus,FireRed/LeafGreen,No,Typhlosion,88,Guts,88,376,92,85,282,156,231,Rash,Yes,,Flamethrower,Thunderbolt,Pursuit,Barrier,8,Yes
5/29/2022 7:18:51,Yes,SaltyDolphin,FireRed/LeafGreen,Yes,Espeon,89,Clear Body,89,301,173,93,195,208,272,Adamant,No,,Brick Break,Extrasensory,Sleep Powder,Shadow Punch,8,Yes
5/29/2022 7:20:37,Yes,BingsF,FireRed/LeafGreen,No,Snorlax,92,Compound Eyes,92,300,417,130,129,226,159,Adamant,Yes,,Body Slam,Brick Break,Meteor Mash,Fire Spin,8,Yes
5/29/2022 7:22:06,Yes,Reinier,FireRed/LeafGreen,No,Kingdra,93,Drought,93,292,176,284,272,104,200,,Yes,,Dragon Claw,Razor Leaf,Sacred Fire,Tail Glow,8,Yes
5/29/2022 7:26:29,Yes,Skybilz,FireRed/LeafGreen,Yes,Milotic,85,Drizzle,85,314,159,113,251,198,168,Rash,Yes,,Thunder,Icy Wind,Leaf Blade,Teeter Dance,8,Yes
5/29/2022 7:31:26,Yes,JestersQuest,FireRed/LeafGreen,Yes,Meganium,92,Flash Fire,92,284,117,267,303,120,212,,Yes,,Needle Arm,Fire Punch,Blizzard,Muddy Water,8,Yes
5/29/2022 7:50:39,Yes,Sparkle,FireRed/LeafGreen,Yes,Scizor,91,Flash Fire,91,241,302,197,80,280,105,,Yes,,Meteor Mash,Extreme Speed,Aeroblast,Sleep Talk,8,Yes
5/29/2022 7:53:45,Yes,Flipfox,FireRed/LeafGreen,Yes,Jolteon,91,Levitate,91,282,78,171,362,168,252,Lonely,Yes,,Thunderbolt,Aurora Beam,Extrasensory,Flamethrower,8,Yes
5/30/2022 9:57:51,Yes,paradiseFP,FireRed/LeafGreen,Yes,Kingdra,87,Shield Dust,88,267,134,236,223,166,202,Lonely,Yes,,Hydro Cannon,Blast Burn,Extrasensory,Spark,8,Yes
5/30/2022 10:00:22,Yes,TheAntiStud,FireRed/LeafGreen,Yes,Kingdra,93,Plus,95,434,120,146,349,91,184,Bashful,Yes,,Blizzard,Extrasensory,Aeroblast,Bubble Beam,8,Yes
5/30/2022 10:04:32,Yes,TimeRocker,FireRed/LeafGreen,Yes,Blastoise,91,Rock Head,93,177,111,187,380,311,200,,Yes,,Sacred Fire,Bubble Beam,Extrasensory,Needle Arm,8,Yes
5/30/2022 10:05:57,Yes,RiztheWizard,FireRed/LeafGreen,Yes,Swampert,88,Rough Skin,90,310,327,163,88,202,171,,Yes,,Aeroblast,Teeter Dance,Secret Power,Meditate,8,Yes
5/30/2022 10:08:34,Yes,Raikaru13,FireRed/LeafGreen,Yes,Seviper,94,Shed Skin,94,347,125,97,248,188,176,Brave,Yes,,Flamethrower,Leaf Blade,Water Spout,Ice Beam,8,Yes
5/30/2022 10:10:48,Yes,IsThisAFrog,FireRed/LeafGreen,Yes,Ursaring,89,Speed Boost,87,166,89,110,448,172,229,Gentle,Yes,,Ice Beam,Thunderbolt,Fire Punch,Water Pulse,8,Yes
5/30/2022 10:14:35,Yes,SaltyDolphin,FireRed/LeafGreen,Yes,Charizard,92,Swarm,94,306,292,219,69,166,238,Timid,Yes,,Wing Attack,Shadow Ball,Nature Power,Rock Throw,8,Yes
5/30/2022 10:18:20,Yes,GayLuigi,FireRed/LeafGreen,Yes,Raikou,95,Torrent,96,370,266,240,95,235,287,Naughty,Yes,,Secret Power,Bonemerang,Aeroblast,Swift,8,Yes
5/30/2022 10:21:26,Yes,SBCoop,FireRed/LeafGreen,Yes,Milotic,89,Volt Absorb,91,377,175,104,298,187,187,Timid,Yes,,Calm Mind,Water Pulse,Flame Wheel,Spark,8,Yes
5/30/2022 10:23:32,Yes,eikra3,FireRed/LeafGreen,No,Crobat,89,Drought,91,251,81,240,257,191,260,,Yes,,Flamethrower,Crunch,Thunder Punch,Dragon Claw,8,Yes
5/30/2022 10:24:57,Yes,CatVacuum,FireRed/LeafGreen,No,Vaporeon,91,Keen Eye,93,385,81,205,273,145,257,,Yes,,Bite,Aurora Beam,Flamethrower,Hydro Cannon,8,Yes
5/30/2022 10:26:03,Yes,Albican,FireRed/LeafGreen,No,Espeon,91,Keen Eye,93,357,197,168,251,183,180,,Yes,,Muddy Water,Signal Beam,Karate Chop,Rock Slide,8,Yes
5/30/2022 10:27:24,Yes,Marten Broadcloak,FireRed/LeafGreen,No,Typhlosion,87,Levitate,89,302,223,184,196,154,196,Bashful,Yes,,Shadow Ball,Bone Rush,Ice Punch,Rolling Kick,8,Yes
5/30/2022 10:29:13,Yes,Boo Boo Ninja,FireRed/LeafGreen,No,Espeon,89,Water Absorb,91,355,99,258,318,187,68,Docile,Yes,,Fire Punch,Water Spout,Thunder Punch,Mist Ball,8,Yes
5/31/2022 10:09:54,Yes,KsoChZ,FireRed/LeafGreen,No,Aerodactyl,91,Levitate,93,179,103,297,270,299,165,Calm,Yes,,Eruption,Thunderbolt,Thunder Punch,Ice Punch,8,Yes
5/31/2022 10:12:30,Yes,Travisty,FireRed/LeafGreen,No,Blissey,88,Sturdy,89,308,277,149,287,84,185,Gentle,No,,Return,Shadow Ball,Earthquake,Psychic,8,Yes
5/31/2022 10:17:06,Yes,Oogblad,FireRed/LeafGreen,No,Kingdra,92,Limber,94,314,162,299,247,188,135,Bold,Yes,,Dragon Breath,Fire Punch,Thunder Punch,Agility,8,Yes
5/31/2022 10:41:15,Yes,Xwater,FireRed/LeafGreen,Yes,Alakazam,90,Drought,90,219,124,245,284,227,124,Relaxed,No,,Flamethrower,Eruption,Bite,Icy Wind,8,Yes
6/1/2022 10:00:45,Yes,IsThisAFrog,FireRed/LeafGreen,Yes,Gengar,91,Inner Focus,91,281,335,139,189,140,169,Bashful,Yes,,Shadow Ball,Magnitude,Rock Tomb,Dragon Dance,8,Yes
6/1/2022 10:01:46,Yes,jerry,FireRed/LeafGreen,No,Aggron,92,Sturdy,94,194,204,228,392,79,193,Modest,Yes,,Bite,Thunder Shock,Water Spout,Powder Snow,8,Yes
6/1/2022 10:04:15,Yes,CptCuddleBuns,FireRed/LeafGreen,Yes,Crobat,92,Water Veil,92,310,92,257,236,219,190,Bold,No,,Icicle Spear,Gust,Thunderbolt,Bonemerang,8,Yes
6/1/2022 19:33:37,Yes,PulseShock,FireRed/LeafGreen,No,Milotic,90,Immunity,90,298,157,160,257,171,228,Rash,No,,Water Pulse,Flame Wheel,Shock Wave,Crunch,8,Yes
6/1/2022 19:34:47,Yes,Wigum,FireRed/LeafGreen,No,Espeon,92,Flash Fire,94,184,101,236,221,305,250,Rash,Yes,,Extrasensory,Thunderbolt,Flamethrower,Bubble Beam,8,Yes
6/1/2022 19:36:27,Yes,Nocturne,FireRed/LeafGreen,No,Venusaur,86,Stench,87,370,244,108,98,224,207,,No,,Sludge Bomb,Hidden Power,Secret Power,Muddy Water,8,Yes
6/1/2022 19:37:44,Yes,SatelliteSam,FireRed/LeafGreen,No,Tentacruel,88,Water Veil,90,292,114,135,255,245,209,Brave,No,,Flamethrower,Earthquake,Crunch,Shock Wave,8,Yes
6/1/2022 21:56:56,Yes,iateyourpie,FireRed/LeafGreen,Yes,Manectric,90,Sturdy,90,336,126,197,284,83,193,Quiet,No,,Crunch,Slash,Hidden Power,Psybeam,8,Yes
6/2/2022 14:24:35,Yes,RiztheWizard,FireRed/LeafGreen,Yes,Kingdra,91,Drought,92,343,167,256,302,101,160,Rash,No,,Solar Beam,Karate Chop,Overheat,Ice Beam,8,Yes
6/2/2022 21:30:31,Yes,SaltyDolphin,FireRed/LeafGreen,Yes,Wailord,89,Drizzle,91,237,117,161,266,273,154,Bashful,Yes,,Water Spout,Psychic,Calm Mind,Bite,8,Yes
6/3/2022 6:16:17,Yes,Lucellia,FireRed/LeafGreen,Yes,Milotic,89,Own Tempo,89,331,226,167,69,241,230,Bold,No,,Bone Rush,Hyper Voice,Smelling Salt,Wing Attack,8,Yes
6/3/2022 14:57:25,Yes,numotthenummy,FireRed/LeafGreen,Yes,Flygon,89,Plus,89,374,287,126,163,112,223,Bashful,No,,Magnitude,Stomp,Flame Wheel,Icy Wind,8,Yes
6/3/2022 17:22:36,Yes,Pip,FireRed/LeafGreen,No,Snorlax,92,Volt Absorb,94,444,218,130,238,165,111,Relaxed,Yes,,Crunch,Thunderbolt,Ice Beam,Drill Peck,8,Yes
6/3/2022 18:48:58,Yes,Raen,FireRed/LeafGreen,No,Slowbro,91,Rough Skin,91,353,282,142,142,120,192,,No,,Earthquake,Sludge Bomb,Sky Uppercut,Fire Punch,8,Yes
6/3/2022 23:15:48,Yes,gear,FireRed/LeafGreen,Yes,Steelix,92,Rough Skin,94,287,294,149,156,261,149,Careful,Yes,,Megahorn,Dragon Dance,Thunderbolt,Mud Shot,8,Yes
6/4/2022 16:12:30,Yes,Shooter McGavin,FireRed/LeafGreen,Yes,Jolteon,91,Liquid Ooze,93,346,84,255,188,230,187,Relaxed,Yes,,Heat Wave,Thunderbolt,Extrasensory,Aurora Beam,8,Yes
6/4/2022 16:13:34,Yes,sweetdee,FireRed/LeafGreen,No,Gyarados,90,Volt Absorb,92,307,98,151,261,258,247,Modest,Yes,,Crabhammer,Outrage,Leaf Blade,Shock Wave,8,Yes
6/4/2022 16:14:47,Yes,brungl,FireRed/LeafGreen,No,Crobat,89,Rock Head,91,298,274,166,73,238,245,Naive,Yes,,Aeroblast,Magnitude,Shadow Punch,Metal Claw,8,Yes
6/5/2022 8:05:53,Yes,TheGons,FireRed/LeafGreen,Yes,Snorlax,92,Soundproof,92,241,189,159,406,83,212,,No,,Ice Beam,Psychic,Eruption,Shock Wave,8,Yes
6/5/2022 8:08:51,Yes,TheGons,FireRed/LeafGreen,Yes,Snorlax,90,Static,90,337,181,168,254,125,258,,No,,Ice Beam,Eruption,Razor Leaf,Weather Ball,8,Yes
6/5/2022 8:11:07,Yes,TheGons,FireRed/LeafGreen,Yes,Umbreon,89,Magma Armor,89,288,211,167,73,278,234,,No,,Earthquake,Horn Attack,Shadow Ball,Rock Slide,8,Yes
6/6/2022 6:14:01,Yes,m4h4h0,FireRed/LeafGreen,No,Swampert,94,Rough Skin,96,412,86,184,218,267,239,Bashful,Yes,,Bubble Beam,Leaf Blade,Icy Wind,Thunder,8,Yes
6/6/2022 7:15:29,Yes,EconSean,FireRed/LeafGreen,Yes,Blaziken,90,Compound Eyes,90,319,257,195,162,174,198,,No,,Flamethrower,Swords Dance,Jump Kick,Pin Missile,8,Yes
6/6/2022 7:18:11,Yes,EconSean,FireRed/LeafGreen,Yes,Skarmory,91,Blaze,91,295,103,187,206,173,230,,No,,Hydro Cannon,Solar Beam,Extrasensory,Aeroblast,8,Yes
6/6/2022 7:24:42,Yes,EconSean,FireRed/LeafGreen,Yes,Jolteon,89,Pure Power,89,267,153,265,291,159,107,,No,,Sheer Cold,Water Spout,Magical Leaf,Bite,8,Yes
6/6/2022 20:06:36,Yes,JoeJoeBeans,FireRed/LeafGreen,Yes,Feraligatr,89,Intimidate,90,259,313,214,136,254,134,Jolly,No,,Drill Peck,Earthquake,Rock Throw,Sludge Bomb,8,Yes
6/8/2022 21:11:31,Yes,VTDara,FireRed/LeafGreen,Yes,Gengar,92,Levitate,93,229,283,223,56,273,167,Sassy,Yes,,Drill Peck,Mud Shot,Sludge Bomb,Swords Dance,8,Yes
6/9/2022 11:54:52,Yes,qwarzach,FireRed/LeafGreen,Yes,Milotic,93,Shield Dust,93,313,350,163,66,158,290,Naive,No,,Brick Break,Slash,Swift,Ancient Power,8,Yes
6/12/2022 8:51:43,Yes,Eggzact,FireRed/LeafGreen,Yes,Espeon,90,Serene Grace,90,346,78,141,271,162,224,Jolly,Yes,,Bite,Rolling Kick,Needle Arm,Tail Glow,8,Yes
6/13/2022 22:39:00,Yes,Anowen,FireRed/LeafGreen,No,Tauros,90,Rain Dish,92,356,306,148,63,139,215,Adamant,Yes,,Crush Claw,Aeroblast,Swift,Twineedle,8,Yes
6/14/2022 11:44:33,Yes,Snifit57,FireRed/LeafGreen,Yes,Blaziken,88,Sticky Hold,89,431,44,247,213,201,95,Calm,No,,Blaze Kick,Water Pulse,Toxic,Thunderbolt,8,Yes
7/5/2022 11:24:45,Yes,Krisjanis,FireRed/LeafGreen,No,Skarmory,91,Drizzle,92,346,211,145,200,61,235,Hasty,No,,Thunder,Drill Peck,Weather Ball,Dragon Claw,8,Yes
7/6/2022 9:35:15,Yes,Lmjacks,Emerald,Yes,Kingdra,94,Stench,94,396,246,171,150,196,151,Calm,No,,Extreme Speed,Hydro Pump,Flamethrower,Crush Claw,8,Yes
7/6/2022 9:37:11,Yes,Lmjacks,Emerald,Yes,Politoed,93,Serene Grace,93,310,113,182,301,162,203,Mild,No,,Ice Beam,Thunder Punch,Psybeam,Lick,8,Yes
7/6/2022 9:39:03,Yes,Lmjacks,Emerald,Yes,Blaziken,92,Drizzle,92,329,108,227,223,166,258,Bold,Yes,,Thunder,Bubble Beam,Pursuit,Extreme Speed,8,Yes
7/6/2022 22:02:17,Yes,Krisjanis,FireRed/LeafGreen,No,Stantler,94,Speed Boost,95,205,262,277,248,146,83,Hardy,Yes,,Extrasensory,Icy Wind,Bonemerang,Drill Peck,8,Yes
7/11/2022 19:12:34,Yes,Lightorias,FireRed/LeafGreen,Yes,Kingdra,90,Synchronize,90,270,73,273,286,134,270,Bold,Yes,,Bubble Beam,Water Spout,Tail Glow,Flamethrower,8,Yes
7/12/2022 11:52:17,Yes,QwarZach,FireRed/LeafGreen,Yes,Milotic,87,Thick Fat,87,253,143,178,294,140,259,Sassy,No,,Eruption,Double Team,Signal Beam,Low Kick,8,Yes
7/12/2022 18:24:45,Yes,Cheezinator,FireRed/LeafGreen,Yes,Arcanine,91,Water Absorb,93,423,290,112,244,101,250,Naive,Yes,,Ice Beam,Aerial Ace,Bulk Up,Tail Glow,8,Yes
7/12/2022 18:29:56,Yes,heyhihowadoin ,FireRed/LeafGreen,No,Kingdra,91,Plus,93,361,351,145,61,192,236,,Yes,,Body Slam,Iron Tail,Wing Attack,Dig,8,Yes
7/13/2022 4:16:48,Yes,MorningCig,FireRed/LeafGreen,Yes,Muk,91,Liquid Ooze,91,224,60,110,441,165,239,,Yes,,Bullet Seed,Rock Throw,Teeter Dance,Flamethrower,8,Yes
7/13/2022 15:05:14,Yes,sheltiesci,FireRed/LeafGreen,Yes,Poliwrath,91,Speed Boost,91,341,231,216,245,125,103,Bold,Yes,,Bubble Beam,Sky Uppercut,Needle Arm,Air Cutter,8,Yes
7/13/2022 18:39:17,Yes,Abobo,FireRed/LeafGreen,No,Zangoose,89,Water Absorb,89,215,241,226,71,201,163,Jolly,No,,Return,Night Shade,Vise Grip,Brick Break,8,Yes
7/14/2022 3:13:20,Yes,Shirdel,FireRed/LeafGreen,No,Flareon,91,Shield Dust,91,334,201,135,278,103,240,Mild,No,,Blaze Kick,Water Pulse,Tri Attack,Tail Glow,8,Yes
7/14/2022 21:30:19,Yes,LeySauce,FireRed/LeafGreen,Yes,Arcanine,90,Color Change,90,282,97,142,467,152,214,,Yes,,Flamethrower,Mirror Coat,Magical Leaf,Guillotine,8,Yes
7/15/2022 10:26:50,Yes,SinbBeagle,Emerald,No,Flygon,91,Volt Absorb,95,281,153,212,227,229,184,Lax,Yes,,Spark,Sacred Fire,Psybeam,Tail Glow,8,Yes
7/15/2022 23:17:24,Yes,Krisjanis,FireRed/LeafGreen,No,Muk,95,Drizzle,96,294,347,172,101,160,197,Adamant,Yes,,Sludge,Thunder,Bonemerang,Sacred Fire,8,Yes
7/20/2022 14:25:02,Yes,ForgottenReape ,FireRed/LeafGreen,Yes,Lapras,87,Oblivious,89,419,61,262,295,134,108,,Yes,,Night Shade,Psybeam,Flamethrower,Octazooka,8,Yes
7/21/2022 8:52:03,Yes,MomsBasementTV,Red/Blue,Yes,Gyarados,92,Plus,92,285,109,313,264,264,338,,Yes,,Meditate,Crabhammer,Psychic,Confusion,8,Yes
7/25/2022 7:35:50,Yes,TheOtherToby,FireRed/LeafGreen,No,Gyarados,90,Volt Absorb,92,359,209,134,289,160,175,Naughty,Yes,,Bubble Beam,Ice Punch,Sludge Bomb,Wing Attack,8,Yes
7/27/2022 8:56:02,Yes,Browny_Live,FireRed/LeafGreen,Yes,Ursaring,91,Pickup,91,260,270,303,89,134,165,Bashful,No,,Dizzy Punch,Bonemerang,Metal Claw,Bulk Up,8,Yes
7/27/2022 23:45:43,Yes,Vickieladdie,FireRed/LeafGreen,Yes,Wailord,92,Effect Spore,93,374,275,188,67,163,190,Bashful,No,,Rock Slide,Double-Edge,Shadow Ball,Tri Attack,8,Yes
7/27/2022 23:46:33,Yes,BitErrorMusic,FireRed/LeafGreen,Yes,Snorlax,88,Overgrow,88,230,260,100,204,256,188,Bashful,No,,Wing Attack,Swords Dance,Tri Attack,Magnitude,8,Yes
7/27/2022 23:54:08,Yes,ninjafriend,FireRed/LeafGreen,No,Snorlax,92,Suction Cups,95,288,241,260,94,186,235,Modest,Yes,,Return,Secret Power,Drill Peck,Sky Uppercut,8,Yes
7/30/2022 4:31:55,Yes,Scarbo,FireRed/LeafGreen,No,Blissey,89,Blaze,94,409,137,211,164,217,184,Bold,No,,Thunderbolt,Crunch,Needle Arm,Fire Punch,8,Yes
7/30/2022 4:35:52,Yes,Scarbo,FireRed/LeafGreen,No,Espeon,92,Intimidate,92,189,149,229,234,258,224,Modest,No,,Extrasensory,Shock Wave,Ice Beam,Fire Blast,8,Yes
7/31/2022 9:59:49,Yes,Shiru666,FireRed/LeafGreen,Yes,Blissey,93,Chlorophyll,95,465,90,166,276,164,192,Timid,No,,Psychic,Shock Wave,Water Spout,Icy Wind,8,Yes
7/31/2022 11:47:10,Yes,halplm,FireRed/LeafGreen,No,Flygon,86,Speed Boost,91,304,278,146,183,117,257,Docile,Yes,,Ancient Power,Bonemerang,Return,Brick Break,8,Yes
8/1/2022 14:03:03,Yes,Browny_Live,FireRed/LeafGreen,Yes,Weezing,89,Own Tempo,89,344,118,90,247,233,166,Careful,No,,Thunderbolt,Tail Glow,Icy Wind,Lick,8,Yes
8/2/2022 18:52:19,Yes,iateyourpie,FireRed/LeafGreen,Yes,Blissey,91,Run Away,91,291,91,117,380,198,249,Rash,No,,Flamethrower,Muddy Water,Magical Leaf,Outrage,8,Yes
8/2/2022 22:25:23,Yes,ExarionU,FireRed/LeafGreen,Yes,Blaziken,92,Guts,93,289,111,281,258,91,337,Rash,Yes,,Heat Wave,Ice Beam,Sleep Powder,Razor Leaf,8,Yes
8/2/2022 22:27:47,Yes,ExarionU,FireRed/LeafGreen,Yes,Weezing,91,Illuminate,91,344,242,199,97,227,113,Lonely,Yes,,Sludge Bomb,Eruption,Agility,Signal Beam,8,Yes
8/2/2022 22:31:26,Yes,ExarionU,FireRed/LeafGreen,Yes,Crobat,90,Battle Armor,92,291,228,210,62,205,312,Mild,Yes,,Drill Peck,Extreme Speed,Dragon Dance,Revenge,8,Yes
8/3/2022 6:48:02,Yes,Arex,FireRed/LeafGreen,Yes,Umbreon,89,Battle Armor,89,447,90,163,322,137,124,Modest,No,,Feint Attack,Confusion,Bubble Beam,Focus Energy,8,Yes
8/3/2022 10:55:50,Yes,Lightorias,FireRed/LeafGreen,Yes,Milotic,93,Hyper Cutter,93,377,68,183,256,190,280,Calm,No,,Bubble Beam,Thunder Punch,Mist Ball,Psycho Boost,8,Yes
8/4/2022 14:44:00,Yes,Koryu87,FireRed/LeafGreen,Yes,Milotic,91,Minus,93,304,222,172,246,210,188,Gentle,No,,Muddy Water,Low Kick,Eruption,Magical Leaf,8,Yes
8/5/2022 7:27:15,Yes,Arex,FireRed/LeafGreen,Yes,Electabuzz,91,White Smoke,91,246,282,228,180,74,217,Lax,No,https://drive.google.com/open?id=1T29EK27QfXCMenRUoEZNCyrfIQQWeaHt,Icy Wind,Drill Peck,Thunderbolt,Facade,8,Yes
8/7/2022 15:52:16,Yes,Forgotten Reaper,FireRed/LeafGreen,Yes,Vaporeon,91,Flame Body,90,319,328,113,59,231,220,,Yes,,Dragon Dance,Shadow Ball,Drill Peck,Double Kick,8,Yes
8/8/2022 13:11:46,Yes,Nix,FireRed/LeafGreen,No,Tauros,91,Swarm,93,213,63,156,400,111,290,Relaxed,Yes,https://drive.google.com/open?id=1cXQ_c9zOSqijqoYDfMLnjrJ1cpeTvtsn,Thunderbolt,Hydro Pump,Water Pulse,Dragon Rage,8,Yes
8/8/2022 20:17:48,Yes,Shiru666,FireRed/LeafGreen,Yes,Vaporeon,93,Shell Armor,93,260,143,177,283,172,237,Bashful,No,https://drive.google.com/open?id=1UDdN9QMcjO9YZdoNTchQRjVzhG1XA1jk,Thunderbolt,Ice Punch,Outrage,Karate Chop,8,Yes
8/9/2022 10:48:45,Yes,NumottheNummy,FireRed/LeafGreen,Yes,Milotic,91,Shield Dust,91,384,303,135,96,205,207,Gentle,Yes,https://drive.google.com/open?id=14nYpldFaDzUyonA81D-wBMNbVnViU8S7,Earthquake,Headbutt,Extreme Speed,Flamethrower,8,Yes
8/10/2022 4:41:51,Yes,alexander_the_0k,FireRed/LeafGreen,Yes,Feraligatr,92,Immunity,93,341,135,207,238,170,223,Gentle,Yes,https://drive.google.com/open?id=18PHnaQUhCgeO-uXk2WkAytnQW229mre4,Water Pulse,Flamethrower,Tail Glow,Ice Punch,8,Yes
8/10/2022 11:03:49,Yes,eL_ZxRO,FireRed/LeafGreen,Yes,Scizor,89,Flash Fire,89,322,215,156,201,144,177,Bashful,Yes,https://drive.google.com/open?id=1-DSQ84h0GRRbiLoy946AinvSPFtlD3WL,Twineedle,Magnitude,Iron Tail,Fire Punch,8,Yes
8/10/2022 16:47:08,Yes,CaliYuga,FireRed/LeafGreen,Yes,Steelix,88,Swift Swim,88,244,292,254,66,151,218,Lonely,Yes,https://drive.google.com/open?id=1M9sklEwouEAsn76z0WCFN4ZHHMrzSWHW,Aeroblast,Low Kick,Covet,Dragon Dance,8,Yes
8/11/2022 5:13:31,Yes,flutten,FireRed/LeafGreen,Yes,Arcanine,88,Liquid Ooze,88,336,149,93,264,176,289,Modest,Yes,https://drive.google.com/open?id=1hdXiCwOqW4Ea01rOy8DArASyidB-aQQP,Thunderbolt,Icy Wind,Blaze Kick,Mist Ball,8,Yes
8/11/2022 9:55:19,Yes,Octopimp,FireRed/LeafGreen,Yes,Kingdra,88,Soundproof,90,288,50,183,313,196,244,Bashful,Yes,https://drive.google.com/open?id=1W2edM1ofx_PnTa2bwXNIsbF4Iq4CTAnV,Crunch,Thunder Punch,Water Pulse,Ice Beam,8,Yes
8/11/2022 10:18:21,Yes,Lunalise,FireRed/LeafGreen,Yes,Espeon,92,Shield Dust,92,295,73,181,349,190,205,Bashful,Yes,,Extrasensory,Calm Mind,Flamethrower,Ice Beam,8,Yes
8/11/2022 17:18:13,Yes,Shirdel,FireRed/LeafGreen,No,Blaziken,90,Drought,92,223,144,383,231,169,185,Bold,Yes,https://drive.google.com/open?id=1byy0SH8hbccUx-poIekLgrmHzDByKvvZ,Confusion,Flamethrower,Aurora Beam,Cross Chop,8,Yes
8/12/2022 2:26:16,Yes,flutten,FireRed/LeafGreen,Yes,Arcanine,88,Liquid Ooze,90,343,153,95,270,180,295,,Yes,https://drive.google.com/open?id=1J4R4kgLgNDN6DLsJGA2nb9b0IHKEFfSk,Thunderbolt,Icy Wind,Blaze Kick,Mist Ball,8,Yes
8/12/2022 7:25:14,Yes,Arex,FireRed/LeafGreen,Yes,Steelix,90,Water Veil,90,316,254,276,146,128,127,Bashful,No,,Sludge Bomb,Shadow Ball,Tri Attack,Bonemerang,8,Yes
8/12/2022 7:26:52,Yes,CalebHart42,FireRed/LeafGreen,Yes,Typhlosion,88,Soundproof,90,234,63,217,315,179,237,Modest,Yes,,Thunder Punch,Ice Beam,Calm Mind,Heat Wave,8,Yes
8/12/2022 21:13:47,Yes,joejoebeans,FireRed/LeafGreen,Yes,Gligar,88,Static,88,244,155,179,143,209,156,Careful,No,,Drill Peck,Sharpen,Earthquake,Shadow Ball,8,Yes
8/12/2022 21:33:18,Yes,Tso18,FireRed/LeafGreen,Yes,Banette,91,Limber,91,261,104,190,181,235,189,Careful,Yes,,Crunch,Ember,Growth,Magical Leaf,8,Yes
8/14/2022 9:37:33,Yes,WoodenBarrel,FireRed/LeafGreen,Yes,Kingdra,89,Rough Skin,91,222,71,99,435,162,347,Bashful,Yes,,Dragon Breath,Ice Punch,Sleep Powder,Growth,8,Yes
8/15/2022 20:21:07,Yes,bobowgames,FireRed/LeafGreen,Yes,Cradily,90,Thick Fat,90,351,160,139,287,127,198,Mild,No,,Magical Leaf,Brick Break,Fire Punch,Dragon Claw,8,Yes
8/15/2022 20:22:06,Yes,ShireaTV,FireRed/LeafGreen,Yes,Vaporeon,88,Volt Absorb,88,217,71,209,335,185,247,Bashful,Yes,,Thunderbolt,Flamethrower,Ice Beam,Water Spout,8,Yes
8/15/2022 20:31:13,Yes,JoeJoeBeans,FireRed/LeafGreen,Yes,Gengar,87,Soundproof,87,304,254,103,132,271,126,Relaxed,No,,Cross Chop,Sacred Fire,Return,Facade,8,Yes
8/19/2022 14:47:19,Yes,Nix,FireRed/LeafGreen,No,Blaziken,89,Stench,91,242,87,191,281,204,264,Quiet,Yes,https://drive.google.com/open?id=1qHyQwptARX8xPVnVvxcOIlKxjMiCVsae,Flamethrower,Ice Punch,Fire Punch,Teeter Dance,8,Yes
8/22/2022 8:08:45,Yes,QwarZach,FireRed/LeafGreen,Yes,Skarmory,94,Water Absorb,94,295,299,208,80,131,180,Naive,Yes,https://drive.google.com/open?id=1FIMyS_-5K0Nf5znNS1wvS629NMvt6jXU,Air Cutter,Brick Break,Swift,Rock Throw,8,Yes
8/23/2022 23:32:49,Yes,BitErrorMusic,FireRed/LeafGreen,Yes,Lapras,93,Blaze,93,458,137,144,253,103,218,Quiet,Yes,https://drive.google.com/open?id=15psfoYlkqJxcnbxuHF33f_tvMCcN9V43,Aurora Beam,Earthquake,Dragon Claw,Aeroblast,8,Yes
8/27/2022 16:24:24,Yes,markdash,FireRed/LeafGreen,No,Gengar,90,Effect Spore,92,364,270,142,96,96,256,Timid,Yes,https://drive.google.com/open?id=1XYvLpsOKQmlhoDvftzUNG2EYuXmXXAN8,Sludge Bomb,Earthquake,Signal Beam,Gust,8,Yes
8/31/2022 7:12:37,Yes,rubes000,FireRed/LeafGreen,Yes,Flareon,89,Shed Skin,91,248,65,206,277,257,245,,Yes,https://drive.google.com/open?id=1BYbV0J-fQaAzvfdgDI55UBmYf2WF4VR8,Flamethrower,Muddy Water,Dragon Claw,Luster Purge,8,Yes
9/1/2022 6:16:20,Yes,Arex,FireRed/LeafGreen,Yes,Charizard,89,Speed Boost,89,299,267,178,251,177,121,Bashful,Yes,,Extrasensory,Fire Blast,Rock Slide,Curse,8,Yes
9/2/2022 21:57:51,Yes,Alesha,FireRed/LeafGreen,No,Tentacruel,91,Speed Boost,92,335,193,165,252,205,111,Naughty,Yes,https://drive.google.com/open?id=1EUm5Apq7j_ODFSR8ruBOMuYexeMCQsAf,Extrasensory,Ice Beam,Feint Attack,High Jump Kick,8,Yes
9/5/2022 8:09:41,Yes,Lazydrink,FireRed/LeafGreen,Yes,Swampert,92,Color Change,93,386,262,139,135,186,181,Impish,Yes,,Shadow Ball,Brick Break,Wing Attack,Bone Club,8,Yes
9/14/2022 18:27:56,Yes,Aridore,FireRed/LeafGreen,No,Snorlax,92,Suction Cups,95,321,329,244,114,133,202,Quirky,Yes,https://drive.google.com/open?id=1RDdlmeNGnUTkGEye0EtswtzLbMkf6Cv-,Signal Beam,Rock Slide,Body Slam,Earthquake,8,Yes
9/16/2022 9:51:31,Yes,rubes000,FireRed/LeafGreen,Yes,Typhlosion,90,Pickup,91,308,182,140,488,170,99,Quiet,No,,Fire Punch,Icicle Spear,Water Gun,Dragon Dance,8,Yes
9/19/2022 21:19:36,Yes,Vickieladdie,FireRed/LeafGreen,Yes,Umbreon,92,Cute Charm,94,263,57,300,364,89,241,Quiet,Yes,https://drive.google.com/open?id=1yDslQ6b39Si3p44QCJ56ivmR6n13By2U,Crunch,Teeter Dance,Ice Beam,Mist Ball,8,Yes
9/22/2022 10:01:42,Yes,Vickieladdie,FireRed/LeafGreen,Yes,Mr. Mime,93,Hustle,94,340,152,182,203,172,202,,No,https://drive.google.com/open?id=1HB4fH1GwuM6cKnhc41ib6luLHMK_wdQ5,Confusion,Shadow Ball,Thunderbolt,Water Pulse,8,Yes
9/27/2022 18:05:06,Yes,Lightorias,FireRed/LeafGreen,Yes,Skarmory,92,Volt Absorb,94,392,70,189,275,105,203,Gentle,Yes,,Thunderbolt,Psychic,Bite,Calm Mind,8,Yes
10/4/2022 9:50:55,Yes,FoxBoostTV,FireRed/LeafGreen,Yes,Kingdra,91,Immunity,92,296,188,138,302,210,190,,Yes,https://drive.google.com/open?id=1KW9wHH0lw4AAMg_xJDgsM_cmxECzgpa0,Water Spout,Confusion,Shadow Ball,Spark,8,Yes
10/9/2022 16:02:23,Yes,CermeTV,FireRed/LeafGreen,Yes,Vaporeon,92,Flash Fire,93,369,117,184,266,210,142,,Yes,https://drive.google.com/open?id=1H8fkoysL51GgQ2tDKTnVHFg9AWBSq75U,Crabhammer,Bubble Beam,Razor Leaf,Fire Blast,8,Yes
10/15/2022 4:24:01,Yes,Alesha,FireRed/LeafGreen,No,Pinsir,93,Volt Absorb,95,185,241,277,183,223,208,Hardy,Yes,https://drive.google.com/open?id=1VEPTjNG7I_lCSYW0XcWjjwGgEaw8lp0a,Bonemerang,Shadow Ball,Aurora Beam,Karate Chop,8,Yes
10/16/2022 15:59:53,Yes,Lightorias,Emerald,Yes,Porygon2,94,Intimidate,94,385,270,83,52,239,277,Sassy,Yes,,Earthquake,Drill Peck,Low Kick,Bulk Up,8,Yes
10/17/2022 11:26:46,Yes,DROODTHUND3R,FireRed/LeafGreen,Yes,Porygon2,93,Drought,94,187,108,254,396,159,195,,Yes,https://drive.google.com/open?id=15ZZcmjwAS_LoRCDMYIL7JGhmhwjZVS_h,Flamethrower,Leaf Blade,Thunder Punch,Dragon Breath,8,Yes
10/19/2022 19:32:17,Yes,MrGlass023 ,FireRed/LeafGreen,Yes,Blissey,90,Speed Boost,91,414,81,147,283,214,182,Quiet,Yes,https://drive.google.com/open?id=1e1adfUNXtpmvLwpp9HJ3yDuirMFWpWqR,Dragon Breath,Eruption,Growth,Sleep Powder,8,Yes
10/21/2022 1:22:53,Yes,FoxBoostTV,FireRed/LeafGreen,Yes,Muk,92,Pickup,93,260,385,178,86,149,196,,Yes,https://drive.google.com/open?id=1FLhawgad651-SdIIPjIl1wRJQ0yIOiqC,Dragon Dance,Low Kick,Sludge Bomb,Drill Peck,8,Yes
10/21/2022 9:54:36,Yes,Selen,FireRed/LeafGreen,No,Magmar,90,Own Tempo,92,278,264,186,58,233,215,,Yes,https://drive.google.com/open?id=1J4Z2is7a6myXqODwDkgfGulbUq6OC20Q,Rolling Kick,Meditate,Rock Throw,Aeroblast,8,Yes
10/21/2022 9:57:02,Yes,Selen,FireRed/LeafGreen,No,Dodrio,90,Shield Dust,91,238,86,161,259,263,168,,Yes,https://drive.google.com/open?id=1OSuyfQzE1_iKNpWorblZi7SNyldYJZQT,Thunder Punch,Flame Wheel,Tail Glow,Dragon Claw,8,Yes
10/26/2022 0:32:31,Yes,Alesha,FireRed/LeafGreen,No,Snorlax,96,Speed Boost,97,391,315,320,98,109,207,Impish,Yes,https://drive.google.com/open?id=1M6flNIbh-VlmI17_V6Lmk_y4EQe9vYQd,Earthquake,Aeroblast,Triple Kick,Pay Day,8,Yes
10/30/2022 8:41:21,Yes,The Alex_Ficet,FireRed/LeafGreen,No,Crobat,95,Early Bird,95,189,143,225,90,120,170,,No,,Aerial Ace,Acid,Drill Peck,Mud Shot,8,Yes
10/30/2022 19:26:44,Yes,Frenk95ita,FireRed/LeafGreen,Yes,Electabuzz,95,Rock Head,96,257,86,177,355,168,230,,Yes,https://drive.google.com/open?id=1A0AB165HEMahphmyieMR8GCvYcZiIUrB,Confusion,Aurora Beam,Flamethrower,Volt Tackle,8,Yes
11/4/2022 15:29:09,Yes,drrek,FireRed/LeafGreen,No,Kingdra,90,Suction Cups,91,352,142,180,382,111,146,,Yes,https://drive.google.com/open?id=1AmWVHfodyMovPlMll_PkBlsmDTkwDtJR,Tail Glow,Fire Punch,Dragon Breath,Bite,8,Yes
11/4/2022 15:31:21,Yes,Drrek,FireRed/LeafGreen,No,Weezing,90,Minus,93,322,250,162,166,166,203,,Yes,https://drive.google.com/open?id=1SgHREyjqdc2WeSWjpoGKVDPFPORoPLDk,Meteor Mash,Dragon Claw,Magnitude,Rock Slide,8,Yes
11/4/2022 17:19:38,Yes,ilDelmo,FireRed/LeafGreen,Yes,Flareon,90,Serene Grace,91,221,58,143,408,111,377,Rash,Yes,https://drive.google.com/open?id=1ikyRN9sC0Nfbm29mIU3XEDTf279xN3wJ,Dragon Claw,Spark,Eruption,Icicle Spear,8,Yes
11/5/2022 23:33:31,Yes,Lightorias,FireRed/LeafGreen,Yes,Exeggutor,91,Thick Fat,91,247,266,171,237,144,212,Gentle,Yes,,Return,Megahorn,Thunderbolt,Aerial Ace,8,Yes
11/6/2022 12:19:58,Yes,Ayss,FireRed/LeafGreen,No,Flygon,91,Thick Fat,93,315,355,194,51,217,180,Lonely,Yes,https://drive.google.com/open?id=1ZQhFX4Wab_zmIqnSzxDsRgtppijyVs_W,Earthquake,Tri Attack,Ancient Power,Return,8,Yes
11/7/2022 2:43:57,Yes,Twitch Poly,FireRed/LeafGreen,Yes,Claydol,90,Soundproof,90,235,88,198,247,140,300,,Yes,https://drive.google.com/open?id=1Xvqb0GwbR2SXGtTgT_YQYOGSjC-DOWzH,Leaf Blade,Extrasensory,Fire Punch,Outrage,8,Yes
11/11/2022 16:29:27,Yes,Kirytr0,FireRed/LeafGreen,No,Kingdra,90,Shield Dust,92,346,153,269,284,139,216,,Yes,https://drive.google.com/open?id=1QBcelrm9Q7a-1PTtAOx0Bcq3tPDjJ6FQ,Crunch,Drill Peck,Thunderbolt,Ice Beam,8,Yes
11/15/2022 21:53:11,Yes,ItsReallyTimmyB,FireRed/LeafGreen,Yes,Blissey,90,Hustle,92,445,260,176,161,156,118,Impish,Yes,https://drive.google.com/open?id=1tzIFfdmVRnPVU4pKO9FUhs43H7cEjGHg,Return,Shadow Punch,Low Kick,Shock Wave,8,Yes
11/21/2022 11:35:02,Yes,rubes000,FireRed/LeafGreen,Yes,Electrode,91,Levitate,93,409,58,106,340,177,150,Timid,Yes,https://drive.google.com/open?id=1VhfdgRuECj_UoqCCJQV_unPhQEJS448Z,Spark,Water Pulse,Ice Punch,Tail Glow,8,Yes
11/25/2022 8:37:32,Yes,Cthulhu,FireRed/LeafGreen,No,Feraligatr,89,Oblivious,91,217,403,149,50,251,233,,Yes,https://drive.google.com/open?id=1k-I_PJlF6oBDxx7W6QdFP5DHVS4ZMu62,Bonemerang,Slash,Metal Claw,Aeroblast,8,Yes
11/25/2022 13:19:27,Yes,Dr0g,FireRed/LeafGreen,No,Snorlax,90,Poison Point,92,290,290,219,176,142,288,Serious,Yes,https://drive.google.com/open?id=1tP-eUamD0aD3_LDVHgLM7J44sBVoCmlR,Body Slam,Shadow Punch,Flamethrower,Karate Chop,8,Yes
11/27/2022 0:57:08,Yes,jellyfishswimmer,FireRed/LeafGreen,No,Skarmory,91,Sand Stream,92,220,77,184,299,214,216,Lax,Yes,https://drive.google.com/open?id=1wswiyVBJnewUDJRKTLIsRENadcpTVxlk,Sacred Fire,Flame Wheel,Needle Arm,Thunder Punch,8,Yes
11/27/2022 13:20:09,Yes,Omrii,FireRed/LeafGreen,No,Charizard,90,Overgrow,90,235,272,254,62,179,271,,No,https://drive.google.com/open?id=1iMemXPIeXMVh42dkDd1tkmp6zD4LLXzh,Drill Peck,Fury Cutter,Covet,Sacred Fire,8,Yes
11/28/2022 9:52:43,Yes,Il_Ninja_di_KTM,FireRed/LeafGreen,No,Snorlax,92,Blaze,94,186,123,194,306,254,277,,Yes,https://drive.google.com/open?id=1GX2opQvW317TGUDgVjmuK41D9cMjfVsr,Aurora Beam,Extrasensory,Thunderbolt,Flame Wheel,8,Yes
11/29/2022 21:19:21,Yes,CyanSMP64,Emerald,No,Umbreon,92,Pickup,92,222,140,269,291,155,189,Impish,No,https://drive.google.com/open?id=1zByTqVJGZFwt_45VTQA7K6WegY2JApTh,Feint Attack,Leaf Blade,Rock Blast,Eruption,8,Yes
12/16/2022 8:13:56,Yes,rubes000,FireRed/LeafGreen,Yes,Porygon2,88,Damp,89,322,205,216,132,189,162,Quirky,No,,Extreme Speed,Spike Cannon,Shadow Ball,Rock Slide,8,Yes
12/21/2022 9:12:09,Yes,TGH,FireRed/LeafGreen,Yes,Porygon2,90,Shed Skin,92,361,214,225,55,257,162,,Yes,https://drive.google.com/open?id=17J_bLcX7tuYg_ApAiaS-IPYpsixmoKYi,Bulk Up,Mach Punch,Shadow Ball,Dizzy Punch,8,Yes
12/25/2022 21:58:54,Yes,markdash,FireRed/LeafGreen,Yes,Aerodactyl,90,Natural Cure,92,290,369,184,69,120,234,Hardy,Yes,https://drive.google.com/open?id=16s9ow2qUvhhnMsxyBccMUcZfR5gI7lX7,Aeroblast,Smelling Salt,Arm Thrust,Swords Dance,8,Yes
12/26/2022 4:18:46,Yes,Supergelido,FireRed/LeafGreen,No,Whiscash,90,Cute Charm,92,181,312,177,48,228,237,Adamant,Yes,https://drive.google.com/open?id=1nQFpzLka65z3tI7V4yZ85mcfCkw3PqLX,Wing Attack,Dragon Dance,Low Kick,Earthquake,8,Yes
1/10/2023 14:47:53,Yes,Weird0,FireRed/LeafGreen,No,Sceptile,89,Thick Fat,91,375,61,105,372,67,322,Lax,Yes,https://drive.google.com/open?id=1qC6LZTfiQ-a4gUwxP1D8dQDd3FN6r6xx,Fire Blast,Ice Beam,Needle Arm,Dragon Breath,8,Yes
1/10/2023 14:54:24,Yes,Weird0,FireRed/LeafGreen,No,Blaziken,92,Drought,94,291,102,154,276,305,206,Bold,Yes,https://drive.google.com/open?id=1NFV9lFwFDgG-G6SB0c_C3kdGHkNnSBAw,Ice Beam,Blaze Kick,Tail Glow,Shock Wave,8,Yes
1/10/2023 15:09:24,Yes,Weird0,FireRed/LeafGreen,No,Espeon,91,Clear Body,93,268,76,119,483,121,289,Quirky,Yes,https://drive.google.com/open?id=1MO5QqLBd9YvgABiKUWRzLJbRWe_qxRBN,Psychic,Dragon Claw,Hydro Cannon,Mist Ball,8,Yes
1/10/2023 15:17:04,Yes,Weird0,FireRed/LeafGreen,No,Crawdaunt,91,Compound Eyes,94,307,108,144,267,262,122,Docile,No,https://drive.google.com/open?id=1ZBM6cq7LrzKR6wWYZrn_qTe0DR6RA6bD,Psychic,Blaze Kick,Bubble Beam,Thunder,8,Yes
1/10/2023 15:20:45,Yes,Weird0,FireRed/LeafGreen,No,Porygon2,89,Intimidate,90,208,252,131,248,91,308,Hasty,No,https://drive.google.com/open?id=1ST7I6NEgo9-_bz1HVDxxvKQHLf5jB_kS,Stomp,Hyper Fang,Iron Tail,Blaze Kick,8,Yes
1/10/2023 15:24:25,Yes,Weird0,FireRed/LeafGreen,No,Blissey,95,Rock Head,95,367,314,57,286,88,256,Naive,No,https://drive.google.com/open?id=1h44orXc_DRlnp7FATNc3xWsLyh4TzVwM,Crush Claw,Bonemerang,Icy Wind,Iron Tail,8,Yes
1/10/2023 15:27:57,Yes,Weird0,FireRed/LeafGreen,No,Huntail,92,Marvel Scale,92,324,236,143,279,134,131,Docile,No,https://drive.google.com/open?id=1H_aNILeEprMB5tkrADDsJ-zAsGn80vuZ,Psychic,Rock Blast,Karate Chop,Ember,8,Yes
1/10/2023 15:31:04,Yes,Weird0,FireRed/LeafGreen,No,Umbreon,92,Color Change,93,366,283,201,82,217,136,Naive,No,https://drive.google.com/open?id=1Zg32uHF-FPTnb-2rK-AJ-f7qE2M1GMKq,Body Slam,Double Kick,Psychic,Sky Attack,8,Yes
1/11/2023 10:38:29,Yes,Shinobars,Emerald,No,Porygon2,96,Water Absorb,97,339,247,211,228,138,202,Relaxed,No,https://drive.google.com/open?id=1pKXJmRn2nUMrs5YGwQ4LSF9cByNjvCqz,Dizzy Punch,Earthquake,Flamethrower,Swords Dance,8,Yes
1/11/2023 21:25:36,Yes,Weird0,FireRed/LeafGreen,No,Flygon,92,Flame Body,93,391,113,147,242,212,188,Sassy,No,https://drive.google.com/open?id=1kV9b7XTR_uKB5wA7v6HQn4ww9ARgEUcI,Psychic,Thunder Punch,Eruption,Megahorn,8,Yes
1/12/2023 4:59:53,Yes,soundmanD,FireRed/LeafGreen,No,Houndoom,92,Trace,94,302,49,222,253,203,234,Calm,Yes,https://drive.google.com/open?id=1iKpsugAX0cQqxkx-M-8VYsmOCk4aMvB7,Flame Wheel,Thunder Punch,Crunch,Frenzy Plant,8,Yes
1/16/2023 22:36:42,Yes,markdash,Emerald,Yes,Vaporeon,93,Guts,95,304,102,242,325,205,166,Hardy,Yes,https://drive.google.com/open?id=1_8NH4dQjCS41aAwjWWE6w4XrnlJoZLJN,Bubble Beam,Dragon Claw,Thunderbolt,Sky Attack,8,Yes
1/18/2023 1:56:17,Yes,Bamkel,FireRed/LeafGreen,No,Typhlosion,91,Limber,91,349,115,142,225,243,233,Jolly,No,https://drive.google.com/open?id=1wJsfggGdrIK8MlzXdr5HMzFEA0d9iAHH,Aeroblast,Muddy Water,Flame Wheel,Icicle Spear,8,Yes
1/30/2023 2:02:05,Yes,Lightorias,FireRed/LeafGreen,Yes,Milotic,93,Compound Eyes,93,367,277,133,159,180,179,Sassy,Yes,https://drive.google.com/open?id=16aZWhJb52T750UB6jUEywRKCG91Fcpcm,Meteor Mash,Bone Rush,Low Kick,Eruption,8,Yes
1/31/2023 14:52:03,Yes,FOODstar,FireRed/LeafGreen,Yes,Gardevoir,90,Pressure,90,386,113,102,282,150,198,Lonely,Yes,,Flamethrower,Psycho Boost,Shock Wave,Water Spout,8,Yes
1/31/2023 17:39:36,Yes,Shiru666,FireRed/LeafGreen,Yes,Umbreon,91,Marvel Scale,91,329,114,184,231,147,277,Hasty,No,https://drive.google.com/open?id=18fyhOkSs95sr-c7OPy8sf4zJYmyQMoFE,Crunch,Water Pulse,Fissure,Psybeam,8,Yes
2/1/2023 20:52:28,Yes,Dangers,FireRed/LeafGreen,Yes,Snorlax,93,Volt Absorb,94,300,174,164,256,147,285,Lonely,No,https://drive.google.com/open?id=1bv-8rDdudGC7vnXZ0O_FSxj817Va2dXf,Blaze Kick,Psychic,Spark,Return,8,Yes
2/1/2023 22:38:30,Yes,OnlyShorts,FireRed/LeafGreen,Yes,Umbreon,92,Shield Dust,92,286,286,205,179,149,246,,Yes,https://drive.google.com/open?id=1jI4hSi4yRUxIXE6ACnAhBeDN9grNI7vE,Lick,Twineedle,Earthquake,Dizzy Punch,8,Yes
2/5/2023 7:14:16,Yes,Keizaron,FireRed/LeafGreen,Yes,Snorlax,91,Limber,91,289,293,254,102,108,241,Bashful,No,https://drive.google.com/open?id=1L0e7R5-nV5kng6kD55zmuT6rAJT3zEtn,Tri Attack,Sludge Bomb,Shadow Ball,Brick Break,8,Yes
2/7/2023 19:17:03,Yes,Owl,FireRed/LeafGreen,No,Golduck,93,Soundproof,94,408,69,120,185,215,289,,Yes,https://drive.google.com/open?id=1nVXjSF9Wtlsx1MZK-90LDU3jpmU5T5dX,Leaf Blade,Substitute,Water Pulse,Tail Glow,8,Yes
2/8/2023 12:53:51,Yes,Bamkel,FireRed/LeafGreen,No,Umbreon,93,Water Absorb,94,393,326,144,130,193,148,Impish,Yes,https://drive.google.com/open?id=1xbiUdSfUJ1vBJLEiDBGS03-AyFolBk6w,Drill Peck,Brick Break,Karate Chop,Sacred Fire,8,Yes
2/10/2023 23:30:30,Yes,Yardo,Emerald,Yes,Gardevoir,93,Effect Spore,94,413,59,244,324,147,154,Bold,Yes,https://drive.google.com/open?id=10_Bl_O-IsupRfbp0hIwQzj3urN1wWqJb,Psychic,Crabhammer,Fire Punch,Thunder Shock,8,Yes
2/11/2023 21:25:08,Yes,Crozwords,FireRed/LeafGreen,Yes,Magmar,92,Static,93,262,63,211,433,112,158,,Yes,https://drive.google.com/open?id=1e8L1WVmbO2RXaY9aRx85S6Qhbgt7fe5M,Heat Wave,Crunch,Growth,Agility,8,Yes
2/12/2023 11:26:36,Yes,Keizaron,FireRed/LeafGreen,Yes,Blissey,89,Volt Absorb,89,336,253,145,70,247,231,Careful,No,,Tri Attack,Earthquake,Sludge,Jump Kick,8,Yes
2/14/2023 14:22:11,Yes,xwater,FireRed/LeafGreen,Yes,Kingdra,92,Air Lock,94,434,229,166,178,159,196,Bashful,No,,Hyper Voice,Night Shade,Megahorn,Extrasensory,8,Yes
2/14/2023 14:24:15,Yes,xwater,FireRed/LeafGreen,Yes,Kingdra,87,Cute Charm,87,345,84,92,219,255,266,Quirky,No,,Water Spout,Pursuit,Mist Ball,Needle Arm,8,Yes
2/16/2023 5:04:58,Yes,ShraveShrave,FireRed/LeafGreen,Yes,Tauros,87,Effect Spore,87,248,290,234,136,226,59,Brave,Yes,https://drive.google.com/open?id=1o7qftO7vNy7f6YXtHdi7y45Kd3CAA2NX,Extreme Speed,Dragon Dance,Tri Attack,Magnitude,8,Yes
2/16/2023 11:15:58,Yes,eiphzor,FireRed/LeafGreen,Yes,Pinsir,89,Flash Fire,89,361,100,127,276,181,186,Brave,No,https://drive.google.com/open?id=1L9MvoNO5s0-XQGd8mcqFg_5dAjlYNgOO,Rock Blast,Sheer Cold,Frenzy Plant,Icy Wind,8,Yes
2/17/2023 10:46:28,Yes,Shiru666,FireRed/LeafGreen,Yes,Espeon,93,Chlorophyll,93,474,65,94,197,159,315,Jolly,No,,Extrasensory,Ice Beam,Aurora Beam,Fire Blast,8,Yes
2/19/2023 4:41:34,Yes,CaliYuga,Emerald,Yes,Aerodactyl,91,Shield Dust,91,448,275,151,88,158,169,Sassy,No,,Aeroblast,Hidden Power,Tri Attack,Water Pulse,8,Yes
2/23/2023 8:24:31,Yes,WaffleSmacker,FireRed/LeafGreen,Yes,Flygon,91,Hyper Cutter,91,262,121,115,254,277,250,Bashful,No,,Dragon Breath,Jump Kick,Super Fang,Blaze Kick,8,Yes
2/25/2023 10:48:09,Yes,CaliYuga,FireRed/LeafGreen,Yes,Houndoom,88,Speed Boost,88,197,202,196,249,191,150,Bashful,Yes,,Tail Glow,Heat Wave,Ice Beam,Thunderbolt,8,Yes
2/28/2023 13:33:16,Yes,RiderSSPU,FireRed/LeafGreen,Yes,Jolteon,91,Pickup,91,273,335,203,47,184,241,Adamant,No,,Headbutt,Meteor Mash,Megahorn,Facade,8,Yes
3/1/2023 23:41:36,Yes,Shiru666,FireRed/LeafGreen,Yes,Snorlax,88,Speed Boost,88,252,76,247,270,276,137,Rash,No,,Thunderbolt,Substitute,Hydro Pump,Solar Beam,8,Yes
3/2/2023 0:24:48,Yes,ShraveShrave,FireRed/LeafGreen,Yes,Pidgeot,93,Swift Swim,93,289,343,251,81,128,161,Naive,Yes,,Drill Peck,Vise Grip,Mach Punch,Thunderbolt,8,Yes
3/2/2023 17:14:58,Yes,DevilHunterP12,FireRed/LeafGreen,Yes,Electabuzz,90,Drizzle,90,396,62,251,203,157,163,Hasty,No,,Water Pulse,Ice Beam,Spark,Confusion,8,Yes
3/3/2023 10:25:31,Yes,adef,FireRed/LeafGreen,Yes,Gyarados,93,Shield Dust,93,357,274,144,172,187,214,Mild,Yes,,Drill Peck,Sludge,Ice Beam,Psychic,8,Yes
3/3/2023 23:21:02,Yes,Drrek,FireRed/LeafGreen,No,Gengar,95,Swift Swim,97,338,285,120,284,142,180,,Yes,https://drive.google.com/open?id=1aeoE6XMNbZkhwOBbUT5SG0U_jkAKFSWT,Needle Arm,Fire Blast,Nature Power,Shadow Ball,8,Yes
3/4/2023 7:45:13,Yes,SteVanLe,FireRed/LeafGreen,Yes,Walrein,92,Intimidate,92,271,121,313,275,131,176,Naughty,Yes,https://drive.google.com/open?id=1kB6nj28FDkAi0-DUdSrgyhNN3YkJwZ-6,Fire Punch,Thunder Punch,Bubble Beam,Calm Mind,8,Yes
3/7/2023 16:00:18,Yes,Silver,FireRed/LeafGreen,No,Snorlax,87,Natural Cure,90,334,303,239,76,199,171,,Yes,https://drive.google.com/open?id=1FEOealRgOa93kdY-gAQMeDgD70c729Jp,Dizzy Punch,Drill Peck,Earthquake,Bulk Up,8,Yes
3/7/2023 20:02:53,Yes,StellarVortex0 ,FireRed/LeafGreen,No,Lanturn,85,Cute Charm,85,219,212,222,214,88,165,,Yes,https://drive.google.com/open?id=1WyVwL7B_-1XeGsOq2qZI3sHWSsvjEmZb,Thunderbolt,Muddy Water,Flamethrower,Tail Glow,8,Yes
3/7/2023 21:49:44,Yes,A_Dubs_22,FireRed/LeafGreen,No,Dewgong,93,White Smoke,95,343,82,230,334,129,180,Rash,Yes,https://drive.google.com/open?id=1iEkN0jMp1o-FebESem_d7Cn7rCG4sKEb,Ice Beam,Flamethrower,Blast Burn,Shadow Ball,8,Yes
3/7/2023 22:56:43,Yes,WaffleSmacker ,FireRed/LeafGreen,Yes,Ampharos,91,Blaze,93,313,92,127,261,152,327,Naive,Yes,https://drive.google.com/open?id=1cd3-DsN158OStDObGziyngWAchiGT8YW,Ice Punch,Octazooka,Thunderbolt,Sacred Fire,8,Yes
3/8/2023 6:38:21,Yes,LoL_Renzo,FireRed/LeafGreen,No,Scyther,89,Liquid Ooze,91,314,92,143,304,83,286,,Yes,https://drive.google.com/open?id=1gW_gdo2qXU0bxPRlBIoxJ4kd7Vo0RXfE,Fire Blast,Hidden Power,Thunderbolt,Silver Wind,8,Yes
3/8/2023 15:48:48,Yes,brdy,FireRed/LeafGreen,Yes,Blissey,92,Effect Spore,93,222,119,140,378,226,273,Hardy,No,,Eruption,Magical Leaf,Psybeam,Shock Wave,8,Yes
3/11/2023 18:55:32,Yes,sheltiesci,FireRed/LeafGreen,Yes,Clefable,93,Rough Skin,93,319,92,246,198,242,120,Sassy,No,,Ice Beam,Psybeam,Hydro Pump,Dragon Claw,8,Yes
3/11/2023 20:20:53,Yes,top_foxxe444,UltraSun/UltraMoon,No,Togekiss,82,Protean,82,320,216,217,58,167,217,Adamant,Yes,,Coil,Low Sweep,Rolling Kick,Stone Edge,,Yes
3/11/2023 20:42:32,Yes,Kaiya KC,Platinum,No,Clefable,95,Simple,97,391,96,146,228,157,225,Relaxed,Yes,,Tail Glow,Dragon Pulse,Air Cutter,Lovely Kiss,8,Yes
3/13/2023 11:26:16,Yes,mrmoonmoonprime,Black/White,No,Krookodile,85,Battle Armor,87,257,95,232,169,246,207,Bashful,Yes,,Tail Glow,Dark Pulse,Scald,Fiery Dance,8,Yes
3/16/2023 12:21:38,Yes,brdy,FireRed/LeafGreen,Yes,Manectric,92,Levitate,92,269,116,182,278,113,214,Quiet,No,,Flamethrower,Shock Wave,Extrasensory,Powder Snow,8,Yes
3/18/2023 10:54:19,Yes,brdy,FireRed/LeafGreen,Yes,Arcanine,90,Magma Armor,91,299,136,160,364,169,216,Hardy,No,,Flamethrower,Thunderbolt,High Jump Kick,Shock Wave,8,Yes
3/20/2023 18:41:53,Yes,CaliTwitchPlays,FireRed/LeafGreen,Yes,Vaporeon,88,Flame Body,91,222,117,116,389,255,181,,Yes,https://drive.google.com/open?id=1tJ_0aideWmD5pp7qRyPZfnDbUFEnNsnl,Spark,Bite,Ice Beam,Water Spout,8,Yes
3/22/2023 1:15:11,Yes,F00Dstar,FireRed/LeafGreen,Yes,Gardevoir,90,Pressure,92,394,115,105,288,154,202,Bold,Yes,,Flamethrower,Psycho Boost,Shock Wave,Water Spout,8,Yes
3/22/2023 9:24:11,Yes,Dangers,FireRed/LeafGreen,Yes,Milotic,95,Swift Swim,95,262,187,278,271,120,252,Bashful,Yes,,Water Pulse,Fire Punch,Bite,Calm Mind,8,Yes
3/22/2023 11:44:54,Yes,SteVanLe,FireRed/LeafGreen,Yes,Kingdra,89,Serene Grace,90,368,159,134,218,226,213,Lax,No,,Lick,Sludge Bomb,Aurora Beam,Extrasensory,8,Yes
3/22/2023 11:45:53,Yes,SteVanLe,FireRed/LeafGreen,Yes,Porygon2,90,Compound Eyes,91,339,91,237,272,113,243,Rash,No,,Bite,Ember,Thunderbolt,Extrasensory,8,Yes
3/22/2023 11:48:05,Yes,SteVanLe,FireRed/LeafGreen,Yes,Kingdra,90,Lightning Rod,92,331,274,233,66,177,228,Impish,No,,Dizzy Punch,Drill Peck,Earthquake,Curse,8,Yes
3/22/2023 11:50:23,Yes,SteVanLe,FireRed/LeafGreen,Yes,Scizor,88,Rain Dish,89,393,255,132,72,179,170,Bashful,No,,Bubble Beam,Spike Cannon,Aeroblast,Bulk Up,8,Yes
3/22/2023 11:51:20,Yes,SteVanLe,FireRed/LeafGreen,Yes,Gyarados,89,Swarm,91,305,107,259,167,207,217,Rash,No,,Thunderbolt,Crabhammer,Heat Wave,Calm Mind,8,Yes
3/22/2023 11:55:01,Yes,SteVanLe,FireRed/LeafGreen,Yes,Snorlax,89,Intimidate,90,376,147,167,185,293,148,Sassy,No,https://drive.google.com/open?id=15dPSC--Za2vTalJmkN2UwOa6d3-rRcrv,Ancient Power,Return,Aurora Beam,Thunder,8,Yes
3/22/2023 11:56:49,Yes,SteVanLe,FireRed/LeafGreen,Yes,Blastoise,91,Rough Skin,93,182,150,244,262,275,211,Brave,No,https://drive.google.com/open?id=1VXDHl4mQgsFtmoMwmvEwpcz5a8oGVjsC,Bubble Beam,Fire Punch,Water Spout,Luster Purge,8,Yes
3/22/2023 11:58:33,Yes,SteVanLe,FireRed/LeafGreen,Yes,Steelix,92,Keen Eye,94,268,61,248,225,312,176,Sassy,Yes,https://drive.google.com/open?id=1e-YuZSOrAOQOzjBGvCkWHhQbi-p-eeNv,Amnesia,Thunder Punch,Extrasensory,Heat Wave,8,Yes
3/22/2023 12:00:09,Yes,SteVanLe,FireRed/LeafGreen,Yes,Kangaskhan,92,Hustle,94,356,119,105,334,174,158,Modest,No,https://drive.google.com/open?id=1s2iagzEb9x2Cfa_2SObK0D8XnE7JPxTV,Return,Eruption,Thunderbolt,Muddy Water,8,Yes
3/22/2023 12:01:35,Yes,SteVanLe,FireRed/LeafGreen,Yes,Shuckle,91,Damp,93,297,144,216,257,185,204,Calm,No,https://drive.google.com/open?id=1ze7s5d4umRXTwQuDAEsomixR5TTn1EMe,Crunch,Hydro Pump,Double Kick,Aurora Beam,8,Yes
3/22/2023 12:03:29,Yes,SteVanLe,FireRed/LeafGreen,Yes,Shuckle,90,Swarm,91,323,75,218,260,144,233,Modest,No,https://drive.google.com/open?id=1n37uOpKRQE0ZgBN0mY7dsEAdiqSerVcF,Sleep Powder,Dragon Breath,Fire Punch,Water Spout,8,Yes
3/22/2023 12:05:22,Yes,SteVanLe,FireRed/LeafGreen,Yes,Cloyster,94,Rock Head,96,226,85,101,356,271,283,Relaxed,Yes,https://drive.google.com/open?id=1G_I7ap4w4Zx1kchQeb3vfOhIZH_IqLGd,Wing Attack,Thunder Punch,Outrage,Ice Beam,8,Yes
3/22/2023 19:54:49,Yes,ninjafriend,HeartGold/SoulSilver,Yes,Drifblim,76,Poison Heal,100,330,230,138,279,159,235,Docile,Yes,https://drive.google.com/open?id=1PQm5yxu_ET4JlM07w8nntBFTRBsfcGWV,Facade,Double Kick,Water Spout,Bug Buzz,16,Yes
3/23/2023 9:26:34,Yes,YogiEisbar,FireRed/LeafGreen,Yes,Milotic,91,Swarm,93,326,74,137,332,128,330,Lax,No,https://drive.google.com/open?id=1Fkuh-n7G-TshveTpqX1CqFx7priAJk4L,Water Pulse,Pursuit,Extrasensory,Fire Punch,8,Yes
3/23/2023 12:08:17,No,BitErrorMusic,FireRed/LeafGreen,Yes,Wailord,,Clear Body,85,260,289,148,141,138,131,Impish,No,https://drive.google.com/open?id=18jkKryg8QCzhvQiNojAI33rCs_ekSdBy,Return,Meteor Mash,Aeroblast,Muddy Water,8,Yes
3/23/2023 12:14:30,No,BitErrorMusic,FireRed/LeafGreen,No,Machamp,,Volt Absorb,57,170,124,181,192,73,66,Bold,No,https://drive.google.com/open?id=12nSPRaWMyIevqRqEQqgAjqm7wwMJzBVZ,Low Kick,Flame Wheel,Outrage,Thunder Punch,7,Yes
3/23/2023 12:18:49,No,BitErrorMusic,Emerald,No,Gardevoir,,Plus,75,173,218,161,181,142,150,Quirky,No,https://drive.google.com/open?id=1DETLlrusyEJESSQtw2VUONhhJW0cRSCA,Sky Uppercut,Water Spout,Signal Beam,Steel Wing,6,Yes
3/23/2023 12:21:26,No,BitErrorMusic,Emerald,No,Tentacruel,,Effect Spore,27,54,63,53,75,56,57,Bold,No,https://drive.google.com/open?id=1_XGKeCmkSEp0JR3z8Jtx84upyb48h8AN,Ice Beam,Facade,Earthquake,Rock Slide,1,Yes
3/23/2023 12:36:48,No,brdy,FireRed/LeafGreen,Yes,Muk,,Vital Spirit,20,42,53,48,42,25,55,Impish,No,https://drive.google.com/open?id=1_doRZO8zE1H2qI0FzMA-mC2_rMXjxhMm,Quick Attack,Tail Glow,Eruption,Bite,0,Yes
3/23/2023 13:24:31,No,brdy,FireRed/LeafGreen,Yes,Sceptile,,Static,32,67,43,57,93,62,124,Bashful,No,https://drive.google.com/open?id=1P2Ke7g1tvClPB7X7kS9_mxYynL-yHg6k,Thunder Shock,Overheat,Bubble Beam,Feint Attack,1,Yes
3/23/2023 14:29:48,No,brdy,FireRed/LeafGreen,Yes,Swampert,,Lightning Rod,25,74,19,79,92,35,58,Bold,No,,Water Spout,Pursuit,Octazooka,Ice Beam,1,Yes
3/23/2023 22:05:11,Yes,Bengerman10,FireRed/LeafGreen,Yes,Ursaring,90,Air Lock,93,359,207,282,115,181,123,Bold,Yes,https://drive.google.com/open?id=18nkdjdD_E7MnkjWvyaVF1dTPlc9ctdK2,Extreme Speed,Return,Air Cutter,Swords Dance,8,Yes
3/24/2023 7:48:42,Yes,dynamungo,FireRed/LeafGreen,Yes,Jolteon,88,Serene Grace,91,316,331,212,126,240,122,Careful,Yes,https://drive.google.com/open?id=1wHe-OXJEEtp1j4JwouK6_Udn72RxEvij,Dragon Dance,Earthquake,Rock Slide,Hyper Voice,8,Yes